first_name,last_name,address,city,county,state,zip,phone1,email
James,Butt,6649 N Blue Gum St,New Orleans,Orleans,LA,70116,504-621-8927,jbutt@gmail.com
Josephine,Darakjy,4 B Blue Ridge Blvd,Brighton,Livingston,MI,48116,810-292-9388,josephine_darakjy@darakjy.org
Art,Venere,8 W Cerritos Ave #54,Bridgeport,Gloucester,NJ,8014,856-636-8749,art@venere.org
Lenna,Paprocki,639 Main St,Anchorage,Anchorage,AK,99501,907-385-4412,lpaprocki@hotmail.com
Donette,Foller,34 Center St,Hamilton,Butler,OH,45011,513-570-1893,donette.foller@cox.net
Simona,Morasca,3 Mcauley Dr,Ashland,Ashland,OH,44805,419-503-2484,simona@morasca.com
Mitsue,Tollner,7 Eads St,Chicago,Cook,IL,60632,773-573-6914,mitsue_tollner@yahoo.com
Leota,Dilliard,7 W Jackson Blvd,San Jose,Santa Clara,CA,95111,408-752-3500,leota@hotmail.com
Sage,Wieser,5 Boston Ave #88,Sioux Falls,Minnehaha,SD,57105,605-414-2147,sage_wieser@cox.net
Kris,Marrier,228 Runamuck Pl #2808,Baltimore,Baltimore City,MD,21224,410-655-8723,kris@gmail.com
Minna,Amigon,2371 Jerrold Ave,Kulpsville,Montgomery,PA,19443,215-874-1229,minna_amigon@yahoo.com
Abel,Maclead,37275 St  Rt 17m M,Middle Island,Suffolk,NY,11953,631-335-3414,amaclead@gmail.com
Kiley,Caldarera,25 E 75th St #69,Los Angeles,Los Angeles,CA,90034,310-498-5651,kiley.caldarera@aol.com
Graciela,Ruta,98 Connecticut Ave Nw,Chagrin Falls,Geauga,OH,44023,440-780-8425,gruta@cox.net
Cammy,Albares,56 E Morehead St,Laredo,Webb,TX,78045,956-537-6195,calbares@gmail.com
Mattie,Poquette,73 State Road 434 E,Phoenix,Maricopa,AZ,85013,602-277-4385,mattie@aol.com
Meaghan,Garufi,69734 E Carrillo St,Mc Minnville,Warren,TN,37110,931-313-9635,meaghan@hotmail.com
Gladys,Rim,322 New Horizon Blvd,Milwaukee,Milwaukee,WI,53207,414-661-9598,gladys.rim@rim.org
Yuki,Whobrey,1 State Route 27,Taylor,Wayne,MI,48180,313-288-7937,yuki_whobrey@aol.com
Fletcher,Flosi,394 Manchester Blvd,Rockford,Winnebago,IL,61109,815-828-2147,fletcher.flosi@yahoo.com
Bette,Nicka,6 S 33rd St,Aston,Delaware,PA,19014,610-545-3615,bette_nicka@cox.net
Veronika,Inouye,6 Greenleaf Ave,San Jose,Santa Clara,CA,95111,408-540-1785,vinouye@aol.com
Willard,Kolmetz,618 W Yakima Ave,Irving,Dallas,TX,75062,972-303-9197,willard@hotmail.com
Maryann,Royster,74 S Westgate St,Albany,Albany,NY,12204,518-966-7987,mroyster@royster.com
Alisha,Slusarski,3273 State St,Middlesex,Middlesex,NJ,8846,732-658-3154,alisha@slusarski.com
Allene,Iturbide,1 Central Ave,Stevens Point,Portage,WI,54481,715-662-6764,allene_iturbide@cox.net
Chanel,Caudy,86 Nw 66th St #8673,Shawnee,Johnson,KS,66218,913-388-2079,chanel.caudy@caudy.org
Ezekiel,Chui,2 Cedar Ave #84,Easton,Talbot,MD,21601,410-669-1642,ezekiel@chui.com
Willow,Kusko,90991 Thorburn Ave,New York,New York,NY,10011,212-582-4976,wkusko@yahoo.com
Bernardo,Figeroa,386 9th Ave N,Conroe,Montgomery,TX,77301,936-336-3951,bfigeroa@aol.com
Ammie,Corrio,74874 Atlantic Ave,Columbus,Franklin,OH,43215,614-801-9788,ammie@corrio.com
Francine,Vocelka,366 South Dr,Las Cruces,Dona Ana,NM,88011,505-977-3911,francine_vocelka@vocelka.com
Ernie,Stenseth,45 E Liberty St,Ridgefield Park,Bergen,NJ,7660,201-709-6245,ernie_stenseth@aol.com
Albina,Glick,4 Ralph Ct,Dunellen,Middlesex,NJ,8812,732-924-7882,albina@glick.com
Alishia,Sergi,2742 Distribution Way,New York,New York,NY,10025,212-860-1579,asergi@gmail.com
Solange,Shinko,426 Wolf St,Metairie,Jefferson,LA,70002,504-979-9175,solange@shinko.com
Jose,Stockham,128 Bransten Rd,New York,New York,NY,10011,212-675-8570,jose@yahoo.com
Rozella,Ostrosky,17 Morena Blvd,Camarillo,Ventura,CA,93012,805-832-6163,rozella.ostrosky@ostrosky.com
Valentine,Gillian,775 W 17th St,San Antonio,Bexar,TX,78204,210-812-9597,valentine_gillian@gmail.com
Kati,Rulapaugh,6980 Dorsett Rd,Abilene,Dickinson,KS,67410,785-463-7829,kati.rulapaugh@hotmail.com
Youlanda,Schemmer,2881 Lewis Rd,Prineville,Crook,OR,97754,541-548-8197,youlanda@aol.com
Dyan,Oldroyd,7219 Woodfield Rd,Overland Park,Johnson,KS,66204,913-413-4604,doldroyd@aol.com
Roxane,Campain,1048 Main St,Fairbanks,Fairbanks North Star,AK,99708,907-231-4722,roxane@hotmail.com
Lavera,Perin,678 3rd Ave,Miami,Miami-Dade,FL,33196,305-606-7291,lperin@perin.org
Erick,Ferencz,20 S Babcock St,Fairbanks,Fairbanks North Star,AK,99712,907-741-1044,erick.ferencz@aol.com
Fatima,Saylors,2 Lighthouse Ave,Hopkins,Hennepin,MN,55343,952-768-2416,fsaylors@saylors.org
Jina,Briddick,38938 Park Blvd,Boston,Suffolk,MA,2128,617-399-5124,jina_briddick@briddick.com
Kanisha,Waycott,5 Tomahawk Dr,Los Angeles,Los Angeles,CA,90006,323-453-2780,kanisha_waycott@yahoo.com
Emerson,Bowley,762 S Main St,Madison,Dane,WI,53711,608-336-7444,emerson.bowley@bowley.org
Blair,Malet,209 Decker Dr,Philadelphia,Philadelphia,PA,19132,215-907-9111,bmalet@yahoo.com
Brock,Bolognia,4486 W O St #1,New York,New York,NY,10003,212-402-9216,bbolognia@yahoo.com
Lorrie,Nestle,39 S 7th St,Tullahoma,Coffee,TN,37388,931-875-6644,lnestle@hotmail.com
Sabra,Uyetake,98839 Hawthorne Blvd #6101,Columbia,Richland,SC,29201,803-925-5213,sabra@uyetake.org
Marjory,Mastella,71 San Mateo Ave,Wayne,Delaware,PA,19087,610-814-5533,mmastella@mastella.com
Karl,Klonowski,76 Brooks St #9,Flemington,Hunterdon,NJ,8822,908-877-6135,karl_klonowski@yahoo.com
Tonette,Wenner,4545 Courthouse Rd,Westbury,Nassau,NY,11590,516-968-6051,twenner@aol.com
Amber,Monarrez,14288 Foster Ave #4121,Jenkintown,Montgomery,PA,19046,215-934-8655,amber_monarrez@monarrez.org
Shenika,Seewald,4 Otis St,Van Nuys,Los Angeles,CA,91405,818-423-4007,shenika@gmail.com
Delmy,Ahle,65895 S 16th St,Providence,Providence,RI,2909,401-458-2547,delmy.ahle@hotmail.com
Deeanna,Juhas,14302 Pennsylvania Ave,Huntingdon Valley,Montgomery,PA,19006,215-211-9589,deeanna_juhas@gmail.com
Blondell,Pugh,201 Hawk Ct,Providence,Providence,RI,2904,401-960-8259,bpugh@aol.com
Jamal,Vanausdal,53075 Sw 152nd Ter #615,Monroe Township,Middlesex,NJ,8831,732-234-1546,jamal@vanausdal.org
Cecily,Hollack,59 N Groesbeck Hwy,Austin,Travis,TX,78731,512-486-3817,cecily@hollack.org
Carmelina,Lindall,2664 Lewis Rd,Littleton,Douglas,CO,80126,303-724-7371,carmelina_lindall@lindall.com
Maurine,Yglesias,59 Shady Ln #53,Milwaukee,Milwaukee,WI,53214,414-748-1374,maurine_yglesias@yglesias.com
Tawna,Buvens,3305 Nabell Ave #679,New York,New York,NY,10009,212-674-9610,tawna@gmail.com
Penney,Weight,18 Fountain St,Anchorage,Anchorage,AK,99515,907-797-9628,penney_weight@aol.com
Elly,Morocco,7 W 32nd St,Erie,Erie,PA,16502,814-393-5571,elly_morocco@gmail.com
Ilene,Eroman,2853 S Central Expy,Glen Burnie,Anne Arundel,MD,21061,410-914-9018,ilene.eroman@hotmail.com
Vallie,Mondella,74 W College St,Boise,Ada,ID,83707,208-862-5339,vmondella@mondella.com
Kallie,Blackwood,701 S Harrison Rd,San Francisco,San Francisco,CA,94104,415-315-2761,kallie.blackwood@gmail.com
Johnetta,Abdallah,1088 Pinehurst St,Chapel Hill,Orange,NC,27514,919-225-9345,johnetta_abdallah@aol.com
Bobbye,Rhym,30 W 80th St #1995,San Carlos,San Mateo,CA,94070,650-528-5783,brhym@rhym.com
Micaela,Rhymes,20932 Hedley St,Concord,Contra Costa,CA,94520,925-647-3298,micaela_rhymes@gmail.com
Tamar,Hoogland,2737 Pistorio Rd #9230,London,Madison,OH,43140,740-343-8575,tamar@hotmail.com
Moon,Parlato,74989 Brandon St,Wellsville,Allegany,NY,14895,585-866-8313,moon@yahoo.com
Laurel,Reitler,6 Kains Ave,Baltimore,Baltimore City,MD,21215,410-520-4832,laurel_reitler@reitler.com
Delisa,Crupi,47565 W Grand Ave,Newark,Essex,NJ,7105,973-354-2040,delisa.crupi@crupi.com
Viva,Toelkes,4284 Dorigo Ln,Chicago,Cook,IL,60647,773-446-5569,viva.toelkes@gmail.com
Elza,Lipke,6794 Lake Dr E,Newark,Essex,NJ,7104,973-927-3447,elza@yahoo.com
Devorah,Chickering,31 Douglas Blvd #950,Clovis,Curry,NM,88101,505-975-8559,devorah@hotmail.com
Timothy,Mulqueen,44 W 4th St,Staten Island,Richmond,NY,10309,718-332-6527,timothy_mulqueen@mulqueen.org
Arlette,Honeywell,11279 Loytan St,Jacksonville,Duval,FL,32254,904-775-4480,ahoneywell@honeywell.com
Dominque,Dickerson,69 Marquette Ave,Hayward,Alameda,CA,94545,510-993-3758,dominque.dickerson@dickerson.org
Lettie,Isenhower,70 W Main St,Beachwood,Cuyahoga,OH,44122,216-657-7668,lettie_isenhower@yahoo.com
Myra,Munns,461 Prospect Pl #316,Euless,Tarrant,TX,76040,817-914-7518,mmunns@cox.net
Stephaine,Barfield,47154 Whipple Ave Nw,Gardena,Los Angeles,CA,90247,310-774-7643,stephaine@barfield.com
Lai,Gato,37 Alabama Ave,Evanston,Cook,IL,60201,847-728-7286,lai.gato@gato.org
Stephen,Emigh,3777 E Richmond St #900,Akron,Summit,OH,44302,330-537-5358,stephen_emigh@hotmail.com
Tyra,Shields,3 Fort Worth Ave,Philadelphia,Philadelphia,PA,19106,215-255-1641,tshields@gmail.com
Tammara,Wardrip,4800 Black Horse Pike,Burlingame,San Mateo,CA,94010,650-803-1936,twardrip@cox.net
Cory,Gibes,83649 W Belmont Ave,San Gabriel,Los Angeles,CA,91776,626-572-1096,cory.gibes@gmail.com
Danica,Bruschke,840 15th Ave,Waco,McLennan,TX,76708,254-782-8569,danica_bruschke@gmail.com
Wilda,Giguere,1747 Calle Amanecer #2,Anchorage,Anchorage,AK,99501,907-870-5536,wilda@cox.net
Elvera,Benimadho,99385 Charity St #840,San Jose,Santa Clara,CA,95110,408-703-8505,elvera.benimadho@cox.net
Carma,Vanheusen,68556 Central Hwy,San Leandro,Alameda,CA,94577,510-503-7169,carma@cox.net
Malinda,Hochard,55 Riverside Ave,Indianapolis,Marion,IN,46202,317-722-5066,malinda.hochard@yahoo.com
Natalie,Fern,7140 University Ave,Rock Springs,Sweetwater,WY,82901,307-704-8713,natalie.fern@hotmail.com
Lisha,Centini,64 5th Ave #1153,Mc Lean,Fairfax,VA,22102,703-235-3937,lisha@centini.org
Arlene,Klusman,3 Secor Rd,New Orleans,Orleans,LA,70112,504-710-5840,arlene_klusman@gmail.com
Alease,Buemi,4 Webbs Chapel Rd,Boulder,Boulder,CO,80303,303-301-4946,alease@buemi.com
Louisa,Cronauer,524 Louisiana Ave Nw,San Leandro,Alameda,CA,94577,510-828-7047,louisa@cronauer.com
Angella,Cetta,185 Blackstone Bldge,Honolulu,Honolulu,HI,96817,808-892-7943,angella.cetta@hotmail.com
Cyndy,Goldammer,170 Wyoming Ave,Burnsville,Dakota,MN,55337,952-334-9408,cgoldammer@cox.net
Rosio,Cork,4 10th St W,High Point,Guilford,NC,27263,336-243-5659,rosio.cork@gmail.com
Celeste,Korando,7 W Pinhook Rd,Lynbrook,Nassau,NY,11563,516-509-2347,ckorando@hotmail.com
Twana,Felger,1 Commerce Way,Portland,Washington,OR,97224,503-939-3153,twana.felger@felger.org
Estrella,Samu,64 Lakeview Ave,Beloit,Rock,WI,53511,608-976-7199,estrella@aol.com
Donte,Kines,3 Aspen St,Worcester,Worcester,MA,1602,508-429-8576,dkines@hotmail.com
Tiffiny,Steffensmeier,32860 Sierra Rd,Miami,Miami-Dade,FL,33133,305-385-9695,tiffiny_steffensmeier@cox.net
Edna,Miceli,555 Main St,Erie,Erie,PA,16502,814-460-2655,emiceli@miceli.org
Sue,Kownacki,2 Se 3rd Ave,Mesquite,Dallas,TX,75149,972-666-3413,sue@aol.com
Jesusa,Shin,2239 Shawnee Mission Pky,Tullahoma,Coffee,TN,37388,931-273-8709,jshin@shin.com
Rolland,Francescon,2726 Charcot Ave,Paterson,Passaic,NJ,7501,973-649-2922,rolland@cox.net
Pamella,Schmierer,5161 Dorsett Rd,Homestead,Miami-Dade,FL,33030,305-420-8970,pamella.schmierer@schmierer.org
Glory,Kulzer,55892 Jacksonville Rd,Owings Mills,Baltimore,MD,21117,410-224-9462,gkulzer@kulzer.org
Shawna,Palaspas,5 N Cleveland Massillon Rd,Thousand Oaks,Ventura,CA,91362,805-275-3566,shawna_palaspas@palaspas.org
Brandon,Callaro,7 Benton Dr,Honolulu,Honolulu,HI,96819,808-215-6832,brandon_callaro@hotmail.com
Scarlet,Cartan,9390 S Howell Ave,Albany,Dougherty,GA,31701,229-735-3378,scarlet.cartan@yahoo.com
Oretha,Menter,8 County Center Dr #647,Boston,Suffolk,MA,2210,617-418-5043,oretha_menter@yahoo.com
Ty,Smith,4646 Kaahumanu St,Hackensack,Bergen,NJ,7601,201-672-1553,tsmith@aol.com
Xuan,Rochin,2 Monroe St,San Mateo,San Mateo,CA,94403,650-933-5072,xuan@gmail.com
Lindsey,Dilello,52777 Leaders Heights Rd,Ontario,San Bernardino,CA,91761,909-639-9887,lindsey.dilello@hotmail.com
Devora,Perez,72868 Blackington Ave,Oakland,Alameda,CA,94606,510-955-3016,devora_perez@perez.org
Herman,Demesa,9 Norristown Rd,Troy,Rensselaer,NY,12180,518-497-2940,hdemesa@cox.net
Rory,Papasergi,83 County Road 437 #8581,Clarks Summit,Lackawanna,PA,18411,570-867-7489,rpapasergi@cox.net
Talia,Riopelle,1 N Harlem Ave #9,Orange,Essex,NJ,7050,973-245-2133,talia_riopelle@aol.com
Van,Shire,90131 J St,Pittstown,Hunterdon,NJ,8867,908-409-2890,van.shire@shire.com
Lucina,Lary,8597 W National Ave,Cocoa,Brevard,FL,32922,321-749-4981,lucina_lary@cox.net
Bok,Isaacs,6 Gilson St,Bronx,Bronx,NY,10468,718-809-3762,bok.isaacs@aol.com
Rolande,Spickerman,65 W Maple Ave,Pearl City,Honolulu,HI,96782,808-315-3077,rolande.spickerman@spickerman.com
Howard,Paulas,866 34th Ave,Denver,Denver,CO,80231,303-623-4241,hpaulas@gmail.com
Kimbery,Madarang,798 Lund Farm Way,Rockaway,Morris,NJ,7866,973-310-1634,kimbery_madarang@cox.net
Thurman,Manno,9387 Charcot Ave,Absecon,Atlantic,NJ,8201,609-524-3586,thurman.manno@yahoo.com
Becky,Mirafuentes,30553 Washington Rd,Plainfield,Union,NJ,7062,908-877-8409,becky.mirafuentes@mirafuentes.com
Beatriz,Corrington,481 W Lemon St,Middleboro,Plymouth,MA,2346,508-584-4279,beatriz@yahoo.com
Marti,Maybury,4 Warehouse Point Rd #7,Chicago,Cook,IL,60638,773-775-4522,marti.maybury@yahoo.com
Nieves,Gotter,4940 Pulaski Park Dr,Portland,Multnomah,OR,97202,503-527-5274,nieves_gotter@gmail.com
Leatha,Hagele,627 Walford Ave,Dallas,Dallas,TX,75227,214-339-1809,lhagele@cox.net
Valentin,Klimek,137 Pioneer Way,Chicago,Cook,IL,60604,312-303-5453,vklimek@klimek.org
Melissa,Wiklund,61 13 Stoneridge #835,Findlay,Hancock,OH,45840,419-939-3613,melissa@cox.net
Sheridan,Zane,2409 Alabama Rd,Riverside,Riverside,CA,92501,951-645-3605,sheridan.zane@zane.com
Bulah,Padilla,8927 Vandever Ave,Waco,McLennan,TX,76707,254-463-4368,bulah_padilla@hotmail.com
Audra,Kohnert,134 Lewis Rd,Nashville,Davidson,TN,37211,615-406-7854,audra@kohnert.com
Daren,Weirather,9 N College Ave #3,Milwaukee,Milwaukee,WI,53216,414-959-2540,dweirather@aol.com
Fernanda,Jillson,60480 Old Us Highway 51,Preston,Caroline,MD,21655,410-387-5260,fjillson@aol.com
Gearldine,Gellinger,4 Bloomfield Ave,Irving,Dallas,TX,75061,972-934-6914,gearldine_gellinger@gellinger.com
Chau,Kitzman,429 Tiger Ln,Beverly Hills,Los Angeles,CA,90212,310-560-8022,chau@gmail.com
Theola,Frey,54169 N Main St,Massapequa,Nassau,NY,11758,516-948-5768,theola_frey@frey.com
Cheryl,Haroldson,92 Main St,Atlantic City,Atlantic,NJ,8401,609-518-7697,cheryl@haroldson.org
Laticia,Merced,72 Mannix Dr,Cincinnati,Hamilton,OH,45203,513-508-7371,lmerced@gmail.com
Carissa,Batman,12270 Caton Center Dr,Eugene,Lane,OR,97401,541-326-4074,carissa.batman@yahoo.com
Lezlie,Craghead,749 W 18th St #45,Smithfield,Johnston,NC,27577,919-533-3762,lezlie.craghead@craghead.org
Ozell,Shealy,8 Industry Ln,New York,New York,NY,10002,212-332-8435,oshealy@hotmail.com
Arminda,Parvis,1 Huntwood Ave,Phoenix,Maricopa,AZ,85017,602-906-9419,arminda@parvis.com
Reita,Leto,55262 N French Rd,Indianapolis,Marion,IN,46240,317-234-1135,reita.leto@gmail.com
Yolando,Luczki,422 E 21st St,Syracuse,Onondaga,NY,13214,315-304-4759,yolando@cox.net
Lizette,Stem,501 N 19th Ave,Cherry Hill,Camden,NJ,8002,856-487-5412,lizette.stem@aol.com
Gregoria,Pawlowicz,455 N Main Ave,Garden City,Nassau,NY,11530,516-212-1915,gpawlowicz@yahoo.com
Carin,Deleo,1844 Southern Blvd,Little Rock,Pulaski,AR,72202,501-308-1040,cdeleo@deleo.com
Chantell,Maynerich,2023 Greg St,Saint Paul,Ramsey,MN,55101,651-591-2583,chantell@yahoo.com
Dierdre,Yum,63381 Jenks Ave,Philadelphia,Philadelphia,PA,19134,215-325-3042,dyum@yahoo.com
Larae,Gudroe,6651 Municipal Rd,Houma,Terrebonne,LA,70360,985-890-7262,larae_gudroe@gmail.com
Latrice,Tolfree,81 Norris Ave #525,Ronkonkoma,Suffolk,NY,11779,631-957-7624,latrice.tolfree@hotmail.com
Kerry,Theodorov,6916 W Main St,Sacramento,Sacramento,CA,95827,916-591-3277,kerry.theodorov@gmail.com
Dorthy,Hidvegi,9635 S Main St,Boise,Ada,ID,83704,208-649-2373,dhidvegi@yahoo.com
Fannie,Lungren,17 Us Highway 111,Round Rock,Williamson,TX,78664,512-587-5746,fannie.lungren@yahoo.com
Evangelina,Radde,992 Civic Center Dr,Philadelphia,Philadelphia,PA,19123,215-964-3284,evangelina@aol.com
Novella,Degroot,303 N Radcliffe St,Hilo,Hawaii,HI,96720,808-477-4775,novella_degroot@degroot.org
Clay,Hoa,73 Saint Ann St #86,Reno,Washoe,NV,89502,775-501-8109,choa@hoa.org
Jennifer,Fallick,44 58th St,Wheeling,Cook,IL,60090,847-979-9545,jfallick@yahoo.com
Irma,Wolfgramm,9745 W Main St,Randolph,Morris,NJ,7869,973-545-7355,irma.wolfgramm@hotmail.com
Eun,Coody,84 Bloomfield Ave,Spartanburg,Spartanburg,SC,29301,864-256-3620,eun@yahoo.com
Sylvia,Cousey,287 Youngstown Warren Rd,Hampstead,Carroll,MD,21074,410-209-9545,sylvia_cousey@cousey.org
Nana,Wrinkles,6 Van Buren St,Mount Vernon,Westchester,NY,10553,914-855-2115,nana@aol.com
Layla,Springe,229 N Forty Driv,New York,New York,NY,10011,212-260-3151,layla.springe@cox.net
Joesph,Degonia,2887 Knowlton St #5435,Berkeley,Alameda,CA,94710,510-677-9785,joesph_degonia@degonia.org
Annabelle,Boord,523 Marquette Ave,Concord,Middlesex,MA,1742,978-697-6263,annabelle.boord@cox.net
Stephaine,Vinning,3717 Hamann Industrial Pky,San Francisco,San Francisco,CA,94104,415-767-6596,stephaine@cox.net
Nelida,Sawchuk,3 State Route 35 S,Paramus,Bergen,NJ,7652,201-971-1638,nelida@gmail.com
Marguerita,Hiatt,82 N Highway 67,Oakley,Contra Costa,CA,94561,925-634-7158,marguerita.hiatt@gmail.com
Carmela,Cookey,9 Murfreesboro Rd,Chicago,Cook,IL,60623,773-494-4195,ccookey@cookey.org
Junita,Brideau,6 S Broadway St,Cedar Grove,Essex,NJ,7009,973-943-3423,jbrideau@aol.com
Claribel,Varriano,6 Harry L Dr #6327,Perrysburg,Wood,OH,43551,419-544-4900,claribel_varriano@cox.net
Benton,Skursky,47939 Porter Ave,Gardena,Los Angeles,CA,90248,310-579-2907,benton.skursky@aol.com
Hillary,Skulski,9 Wales Rd Ne #914,Homosassa,Citrus,FL,34448,352-242-2570,hillary.skulski@aol.com
Merilyn,Bayless,195 13n N,Santa Clara,Santa Clara,CA,95054,408-758-5015,merilyn_bayless@cox.net
Teri,Ennaco,99 Tank Farm Rd,Hazleton,Luzerne,PA,18201,570-889-5187,tennaco@gmail.com
Merlyn,Lawler,4671 Alemany Blvd,Jersey City,Hudson,NJ,7304,201-588-7810,merlyn_lawler@hotmail.com
Georgene,Montezuma,98 University Dr,San Ramon,Contra Costa,CA,94583,925-615-5185,gmontezuma@cox.net
Jettie,Mconnell,50 E Wacker Dr,Bridgewater,Somerset,NJ,8807,908-802-3564,jmconnell@hotmail.com
Lemuel,Latzke,70 Euclid Ave #722,Bohemia,Suffolk,NY,11716,631-748-6479,lemuel.latzke@gmail.com
Melodie,Knipp,326 E Main St #6496,Thousand Oaks,Ventura,CA,91362,805-690-1682,mknipp@gmail.com
Candida,Corbley,406 Main St,Somerville,Somerset,NJ,8876,908-275-8357,candida_corbley@hotmail.com
Karan,Karpin,3 Elmwood Dr,Beaverton,Washington,OR,97005,503-940-8327,karan_karpin@gmail.com
Andra,Scheyer,9 Church St,Salem,Marion,OR,97302,503-516-2189,andra@gmail.com
Felicidad,Poullion,9939 N 14th St,Riverton,Burlington,NJ,8077,856-305-9731,fpoullion@poullion.com
Belen,Strassner,5384 Southwyck Blvd,Douglasville,Douglas,GA,30135,770-507-8791,belen_strassner@aol.com
Gracia,Melnyk,97 Airport Loop Dr,Jacksonville,Duval,FL,32216,904-235-3633,gracia@melnyk.com
Jolanda,Hanafan,37855 Nolan Rd,Bangor,Penobscot,ME,4401,207-458-9196,jhanafan@gmail.com
Barrett,Toyama,4252 N Washington Ave #9,Kennedale,Tarrant,TX,76060,817-765-5781,barrett.toyama@toyama.org
Helga,Fredicks,42754 S Ash Ave,Buffalo,Erie,NY,14228,716-752-4114,helga_fredicks@yahoo.com
Ashlyn,Pinilla,703 Beville Rd,Opa Locka,Miami-Dade,FL,33054,305-670-9628,apinilla@cox.net
Fausto,Agramonte,5 Harrison Rd,New York,New York,NY,10038,212-313-1783,fausto_agramonte@yahoo.com
Ronny,Caiafa,73 Southern Blvd,Philadelphia,Philadelphia,PA,19103,215-605-7570,ronny.caiafa@caiafa.org
Marge,Limmel,189 Village Park Rd,Crestview,Okaloosa,FL,32536,850-430-1663,marge@gmail.com
Norah,Waymire,6 Middlegate Rd #106,San Francisco,San Francisco,CA,94107,415-306-7897,norah.waymire@gmail.com
Aliza,Baltimore,1128 Delaware St,San Jose,Santa Clara,CA,95132,408-504-3552,aliza@aol.com
Mozell,Pelkowski,577 Parade St,South San Francisco,San Mateo,CA,94080,650-947-1215,mpelkowski@pelkowski.org
Viola,Bitsuie,70 Mechanic St,Northridge,Los Angeles,CA,91325,818-864-4875,viola@gmail.com
Franklyn,Emard,4379 Highway 116,Philadelphia,Philadelphia,PA,19103,215-558-8189,femard@emard.com
Willodean,Konopacki,55 Hawthorne Blvd,Lafayette,Lafayette,LA,70506,337-253-8384,willodean_konopacki@konopacki.org
Beckie,Silvestrini,7116 Western Ave,Dearborn,Wayne,MI,48126,313-533-4884,beckie.silvestrini@silvestrini.com
Rebecka,Gesick,2026 N Plankinton Ave #3,Austin,Travis,TX,78754,512-213-8574,rgesick@gesick.org
Frederica,Blunk,99586 Main St,Dallas,Dallas,TX,75207,214-428-2285,frederica_blunk@gmail.com
Glen,Bartolet,8739 Hudson St,Vashon,King,WA,98070,206-697-5796,glen_bartolet@hotmail.com
Freeman,Gochal,383 Gunderman Rd #197,Coatesville,Chester,PA,19320,610-476-3501,freeman_gochal@aol.com
Vincent,Meinerding,4441 Point Term Mkt,Philadelphia,Philadelphia,PA,19143,215-372-1718,vincent.meinerding@hotmail.com
Rima,Bevelacqua,2972 Lafayette Ave,Gardena,Los Angeles,CA,90248,310-858-5079,rima@cox.net
Glendora,Sarbacher,2140 Diamond Blvd,Rohnert Park,Sonoma,CA,94928,707-653-8214,gsarbacher@gmail.com
Avery,Steier,93 Redmond Rd #492,Orlando,Orange,FL,32803,407-808-9439,avery@cox.net
Cristy,Lother,3989 Portage Tr,Escondido,San Diego,CA,92025,760-971-4322,cristy@lother.com
Nicolette,Brossart,1 Midway Rd,Westborough,Worcester,MA,1581,508-837-9230,nicolette_brossart@brossart.com
Tracey,Modzelewski,77132 Coon Rapids Blvd Nw,Conroe,Montgomery,TX,77301,936-264-9294,tracey@hotmail.com
Virgina,Tegarden,755 Harbor Way,Milwaukee,Milwaukee,WI,53226,414-214-8697,virgina_tegarden@tegarden.com
Tiera,Frankel,87 Sierra Rd,El Monte,Los Angeles,CA,91731,626-636-4117,tfrankel@aol.com
Alaine,Bergesen,7667 S Hulen St #42,Yonkers,Westchester,NY,10701,914-300-9193,alaine_bergesen@cox.net
Earleen,Mai,75684 S Withlapopka Dr #32,Dallas,Dallas,TX,75227,214-289-1973,earleen_mai@cox.net
Leonida,Gobern,5 Elmwood Park Blvd,Biloxi,Harrison,MS,39530,228-235-5615,leonida@gobern.org
Ressie,Auffrey,23 Palo Alto Sq,Miami,Miami-Dade,FL,33134,305-604-8981,ressie.auffrey@yahoo.com
Justine,Mugnolo,38062 E Main St,New York,New York,NY,10048,212-304-9225,jmugnolo@yahoo.com
Eladia,Saulter,3958 S Dupont Hwy #7,Ramsey,Bergen,NJ,7446,201-474-4924,eladia@saulter.com
Chaya,Malvin,560 Civic Center Dr,Ann Arbor,Washtenaw,MI,48103,734-928-5182,chaya@malvin.com
Gwenn,Suffield,3270 Dequindre Rd,Deer Park,Suffolk,NY,11729,631-258-6558,gwenn_suffield@suffield.org
Salena,Karpel,1 Garfield Ave #7,Canton,Stark,OH,44707,330-791-8557,skarpel@cox.net
Yoko,Fishburne,9122 Carpenter Ave,New Haven,New Haven,CT,6511,203-506-4706,yoko@fishburne.com
Taryn,Moyd,48 Lenox St,Fairfax,Fairfax City,VA,22030,703-322-4041,taryn.moyd@hotmail.com
Katina,Polidori,5 Little River Tpke,Wilmington,Middlesex,MA,1887,978-626-2978,katina_polidori@aol.com
Rickie,Plumer,3 N Groesbeck Hwy,Toledo,Lucas,OH,43613,419-693-1334,rickie.plumer@aol.com
Alex,Loader,37 N Elm St #916,Tacoma,Pierce,WA,98409,253-660-7821,alex@loader.com
Lashon,Vizarro,433 Westminster Blvd #590,Roseville,Placer,CA,95661,916-741-7884,lashon@aol.com
Lauran,Burnard,66697 Park Pl #3224,Riverton,Fremont,WY,82501,307-342-7795,lburnard@burnard.com
Ceola,Setter,96263 Greenwood Pl,Warren,Knox,ME,4864,207-627-7565,ceola.setter@setter.org
My,Rantanen,8 Mcarthur Ln,Richboro,Bucks,PA,18954,215-491-5633,my@hotmail.com
Lorrine,Worlds,8 Fair Lawn Ave,Tampa,Hillsborough,FL,33614,813-769-2939,lorrine.worlds@worlds.com
Peggie,Sturiale,9 N 14th St,El Cajon,San Diego,CA,92020,619-608-1763,peggie@cox.net
Marvel,Raymo,9 Vanowen St,College Station,Brazos,TX,77840,979-718-8968,mraymo@yahoo.com
Daron,Dinos,18 Waterloo Geneva Rd,Highland Park,Lake,IL,60035,847-233-3075,daron_dinos@cox.net
An,Fritz,506 S Hacienda Dr,Atlantic City,Atlantic,NJ,8401,609-228-5265,an_fritz@hotmail.com
Portia,Stimmel,3732 Sherman Ave,Bridgewater,Somerset,NJ,8807,908-722-7128,portia.stimmel@aol.com
Rhea,Aredondo,25657 Live Oak St,Brooklyn,Kings,NY,11226,718-560-9537,rhea_aredondo@cox.net
Benedict,Sama,4923 Carey Ave,Saint Louis,Saint Louis City,MO,63104,314-787-1588,bsama@cox.net
Alyce,Arias,3196 S Rider Trl,Stockton,San Joaquin,CA,95207,209-317-1801,alyce@arias.org
Heike,Berganza,3 Railway Ave #75,Little Falls,Passaic,NJ,7424,973-936-5095,heike@gmail.com
Carey,Dopico,87393 E Highland Rd,Indianapolis,Marion,IN,46220,317-578-2453,carey_dopico@dopico.org
Dottie,Hellickson,67 E Chestnut Hill Rd,Seattle,King,WA,98133,206-540-6076,dottie@hellickson.org
Deandrea,Hughey,33 Lewis Rd #46,Burlington,Alamance,NC,27215,336-822-7652,deandrea@yahoo.com
Kimberlie,Duenas,8100 Jacksonville Rd #7,Hays,Ellis,KS,67601,785-629-8542,kimberlie_duenas@yahoo.com
Martina,Staback,7 W Wabansia Ave #227,Orlando,Orange,FL,32822,407-471-6908,martina_staback@staback.com
Skye,Fillingim,25 Minters Chapel Rd #9,Minneapolis,Hennepin,MN,55401,612-508-2655,skye_fillingim@yahoo.com
Jade,Farrar,6882 Torresdale Ave,Columbia,Richland,SC,29201,803-352-5387,jade.farrar@yahoo.com
Charlene,Hamilton,985 E 6th Ave,Santa Rosa,Sonoma,CA,95407,707-300-1771,charlene.hamilton@hotmail.com
Geoffrey,Acey,7 West Ave #1,Palatine,Cook,IL,60067,847-222-1734,geoffrey@gmail.com
Stevie,Westerbeck,26659 N 13th St,Costa Mesa,Orange,CA,92626,949-867-4077,stevie.westerbeck@yahoo.com
Pamella,Fortino,669 Packerland Dr #1438,Denver,Denver,CO,80212,303-404-2210,pamella@fortino.com
Harrison,Haufler,759 Eldora St,New Haven,New Haven,CT,6515,203-801-6193,hhaufler@hotmail.com
Johnna,Engelberg,5 S Colorado Blvd #449,Bothell,Snohomish,WA,98021,425-986-7573,jengelberg@engelberg.org
Buddy,Cloney,944 Gaither Dr,Strongsville,Cuyahoga,OH,44136,440-989-5826,buddy.cloney@yahoo.com
Dalene,Riden,66552 Malone Rd,Plaistow,Rockingham,NH,3865,603-315-6839,dalene.riden@aol.com
Jerry,Zurcher,77 Massillon Rd #822,Satellite Beach,Brevard,FL,32937,321-518-5938,jzurcher@zurcher.org
Haydee,Denooyer,25346 New Rd,New York,New York,NY,10016,212-792-8658,hdenooyer@denooyer.org
Joseph,Cryer,60 Fillmore Ave,Huntington Beach,Orange,CA,92647,714-584-2237,joseph_cryer@cox.net
Deonna,Kippley,57 Haven Ave #90,Southfield,Oakland,MI,48075,248-913-4677,deonna_kippley@hotmail.com
Raymon,Calvaresi,6538 E Pomona St #60,Indianapolis,Marion,IN,46222,317-825-4724,raymon.calvaresi@gmail.com
Alecia,Bubash,6535 Joyce St,Wichita Falls,Wichita,TX,76301,940-276-7922,alecia@aol.com
Ma,Layous,78112 Morris Ave,North Haven,New Haven,CT,6473,203-721-3388,mlayous@hotmail.com
Detra,Coyier,96950 Hidden Ln,Aberdeen,Harford,MD,21001,410-739-9277,detra@aol.com
Terrilyn,Rodeigues,3718 S Main St,New Orleans,Orleans,LA,70130,504-463-4384,terrilyn.rodeigues@cox.net
Salome,Lacovara,9677 Commerce Dr,Richmond,Richmond City,VA,23219,804-550-5097,slacovara@gmail.com
Garry,Keetch,5 Green Pond Rd #4,Southampton,Bucks,PA,18966,215-979-8776,garry_keetch@hotmail.com
Matthew,Neither,636 Commerce Dr #42,Shakopee,Scott,MN,55379,952-651-7597,mneither@yahoo.com
Theodora,Restrepo,42744 Hamann Industrial Pky #82,Miami,Miami-Dade,FL,33136,305-936-8226,theodora.restrepo@restrepo.com
Noah,Kalafatis,1950 5th Ave,Milwaukee,Milwaukee,WI,53209,414-263-5287,noah.kalafatis@aol.com
Carmen,Sweigard,61304 N French Rd,Somerset,Somerset,NJ,8873,732-941-2621,csweigard@sweigard.com
Lavonda,Hengel,87 Imperial Ct #79,Fargo,Cass,ND,58102,701-898-2154,lavonda@cox.net
Junita,Stoltzman,94 W Dodge Rd,Carson City,Carson City,NV,89701,775-638-9963,junita@aol.com
Herminia,Nicolozakes,4 58th St #3519,Scottsdale,Maricopa,AZ,85254,602-954-5141,herminia@nicolozakes.org
Casie,Good,5221 Bear Valley Rd,Nashville,Davidson,TN,37211,615-390-2251,casie.good@aol.com
Reena,Maisto,9648 S Main,Salisbury,Wicomico,MD,21801,410-351-1863,reena@hotmail.com
Mirta,Mallett,7 S San Marcos Rd,New York,New York,NY,10004,212-870-1286,mirta_mallett@gmail.com
Cathrine,Pontoriero,812 S Haven St,Amarillo,Randall,TX,79109,806-703-1435,cathrine.pontoriero@pontoriero.com
Filiberto,Tawil,3882 W Congress St #799,Los Angeles,Los Angeles,CA,90016,323-765-2528,ftawil@hotmail.com
Raul,Upthegrove,4 E Colonial Dr,La Mesa,San Diego,CA,91942,619-509-5282,rupthegrove@yahoo.com
Sarah,Candlish,45 2nd Ave #9759,Atlanta,Fulton,GA,30328,770-732-1194,sarah.candlish@gmail.com
Lucy,Treston,57254 Brickell Ave #372,Worcester,Worcester,MA,1602,508-769-5250,lucy@cox.net
Judy,Aquas,8977 Connecticut Ave Nw #3,Niles,Berrien,MI,49120,269-756-7222,jaquas@aquas.com
Yvonne,Tjepkema,9 Waydell St,Fairfield,Essex,NJ,7004,973-714-1721,yvonne.tjepkema@hotmail.com
Kayleigh,Lace,43 Huey P Long Ave,Lafayette,Lafayette,LA,70508,337-740-9323,kayleigh.lace@yahoo.com
Felix,Hirpara,7563 Cornwall Rd #4462,Denver,Lancaster,PA,17517,717-491-5643,felix_hirpara@cox.net
Tresa,Sweely,22 Bridle Ln,Valley Park,Saint Louis,MO,63088,314-359-9566,tresa_sweely@hotmail.com
Kristeen,Turinetti,70099 E North Ave,Arlington,Tarrant,TX,76013,817-213-8851,kristeen@gmail.com
Jenelle,Regusters,3211 E Northeast Loop,Tampa,Hillsborough,FL,33619,813-932-8715,jregusters@regusters.com
Renea,Monterrubio,26 Montgomery St,Atlanta,Fulton,GA,30328,770-679-4752,renea@hotmail.com
Olive,Matuszak,13252 Lighthouse Ave,Cathedral City,Riverside,CA,92234,760-938-6069,olive@aol.com
Ligia,Reiber,206 Main St #2804,Lansing,Ingham,MI,48933,517-906-1108,lreiber@cox.net
Christiane,Eschberger,96541 W Central Blvd,Phoenix,Maricopa,AZ,85034,602-390-4944,christiane.eschberger@yahoo.com
Goldie,Schirpke,34 Saint George Ave #2,Bangor,Penobscot,ME,4401,207-295-7569,goldie.schirpke@yahoo.com
Loreta,Timenez,47857 Coney Island Ave,Clinton,Prince Georges,MD,20735,301-696-6420,loreta.timenez@hotmail.com
Fabiola,Hauenstein,8573 Lincoln Blvd,York,York,PA,17404,717-809-3119,fabiola.hauenstein@hauenstein.org
Amie,Perigo,596 Santa Maria Ave #7913,Mesquite,Dallas,TX,75150,972-419-7946,amie.perigo@yahoo.com
Raina,Brachle,3829 Ventura Blvd,Butte,Silver Bow,MT,59701,406-318-1515,raina.brachle@brachle.org
Erinn,Canlas,13 S Hacienda Dr,Livingston,Essex,NJ,7039,973-767-3008,erinn.canlas@canlas.com
Cherry,Lietz,40 9th Ave Sw #91,Waterford,Oakland,MI,48329,248-980-6904,cherry@lietz.com
Kattie,Vonasek,2845 Boulder Crescent St,Cleveland,Cuyahoga,OH,44103,216-923-3715,kattie@vonasek.org
Lilli,Scriven,33 State St,Abilene,Taylor,TX,79601,325-631-1560,lilli@aol.com
Whitley,Tomasulo,2 S 15th St,Fort Worth,Tarrant,TX,76107,817-526-4408,whitley.tomasulo@aol.com
Barbra,Adkin,4 Kohler Memorial Dr,Brooklyn,Kings,NY,11230,718-201-3751,badkin@hotmail.com
Hermila,Thyberg,1 Rancho Del Mar Shopping C,Providence,Providence,RI,2903,401-893-4882,hermila_thyberg@hotmail.com
Jesusita,Flister,3943 N Highland Ave,Lancaster,Lancaster,PA,17601,717-885-9118,jesusita.flister@hotmail.com
Caitlin,Julia,5 Williams St,Johnston,Providence,RI,2919,401-948-4982,caitlin.julia@julia.org
Roosevelt,Hoffis,60 Old Dover Rd,Hialeah,Miami-Dade,FL,33014,305-622-4739,roosevelt.hoffis@aol.com
Helaine,Halter,8 Sheridan Rd,Jersey City,Hudson,NJ,7304,201-832-4168,hhalter@yahoo.com
Lorean,Martabano,85092 Southern Blvd,San Antonio,Bexar,TX,78204,210-856-4979,lorean.martabano@hotmail.com
France,Buzick,64 Newman Springs Rd E,Brooklyn,Kings,NY,11219,718-478-8504,france.buzick@yahoo.com
Justine,Ferrario,48 Stratford Ave,Pomona,Los Angeles,CA,91768,909-993-3242,jferrario@hotmail.com
Adelina,Nabours,80 Pittsford Victor Rd #9,Cleveland,Cuyahoga,OH,44103,216-230-4892,adelina_nabours@gmail.com
Derick,Dhamer,87163 N Main Ave,New York,New York,NY,10013,212-304-4515,ddhamer@cox.net
Jerry,Dallen,393 Lafayette Ave,Richmond,Richmond City,VA,23219,804-762-9576,jerry.dallen@yahoo.com
Leota,Ragel,99 5th Ave #33,Trion,Chattooga,GA,30753,706-221-4243,leota.ragel@gmail.com
Jutta,Amyot,49 N Mays St,Broussard,Lafayette,LA,70518,337-515-1438,jamyot@hotmail.com
Aja,Gehrett,993 Washington Ave,Nutley,Essex,NJ,7110,973-544-2677,aja_gehrett@hotmail.com
Kirk,Herritt,88 15th Ave Ne,Vestal,Broome,NY,13850,607-407-3716,kirk.herritt@aol.com
Leonora,Mauson,3381 E 40th Ave,Passaic,Passaic,NJ,7055,973-412-2995,leonora@yahoo.com
Winfred,Brucato,201 Ridgewood Rd,Moscow,Latah,ID,83843,208-252-4552,winfred_brucato@hotmail.com
Tarra,Nachor,39 Moccasin Dr,San Francisco,San Francisco,CA,94104,415-411-1775,tarra.nachor@cox.net
Corinne,Loder,4 Carroll St,North Attleboro,Bristol,MA,2760,508-942-4186,corinne@loder.org
Dulce,Labreche,9581 E Arapahoe Rd,Rochester,Oakland,MI,48307,248-357-8718,dulce_labreche@yahoo.com
Kate,Keneipp,33 N Michigan Ave,Green Bay,Brown,WI,54301,920-353-6377,kate_keneipp@yahoo.com
Kaitlyn,Ogg,2 S Biscayne Blvd,Baltimore,Baltimore City,MD,21230,410-665-4903,kaitlyn.ogg@gmail.com
Sherita,Saras,8 Us Highway 22,Colorado Springs,El Paso,CO,80937,719-669-1664,sherita.saras@cox.net
Lashawnda,Stuer,7422 Martin Ave #8,Toledo,Lucas,OH,43607,419-588-8719,lstuer@cox.net
Ernest,Syrop,94 Chase Rd,Hyattsville,Prince Georges,MD,20785,301-998-9644,ernest@cox.net
Nobuko,Halsey,8139 I Hwy 10 #92,New Bedford,Bristol,MA,2745,508-855-9887,nobuko.halsey@yahoo.com
Lavonna,Wolny,5 Cabot Rd,Mc Lean,Fairfax,VA,22102,703-483-1970,lavonna.wolny@hotmail.com
Lashaunda,Lizama,3387 Ryan Dr,Hanover,Anne Arundel,MD,21076,410-678-2473,llizama@cox.net
Mariann,Bilden,3125 Packer Ave #9851,Austin,Travis,TX,78753,512-223-4791,mariann.bilden@aol.com
Helene,Rodenberger,347 Chestnut St,Peoria,Maricopa,AZ,85381,623-461-8551,helene@aol.com
Roselle,Estell,8116 Mount Vernon Ave,Bucyrus,Crawford,OH,44820,419-571-5920,roselle.estell@hotmail.com
Samira,Heintzman,8772 Old County Rd #5410,Kent,King,WA,98032,206-311-4137,sheintzman@hotmail.com
Margart,Meisel,868 State St #38,Cincinnati,Hamilton,OH,45251,513-617-2362,margart_meisel@yahoo.com
Kristofer,Bennick,772 W River Dr,Bloomington,Monroe,IN,47404,812-368-1511,kristofer.bennick@yahoo.com
Weldon,Acuff,73 W Barstow Ave,Arlington Heights,Cook,IL,60004,847-353-2156,wacuff@gmail.com
Shalon,Shadrick,61047 Mayfield Ave,Brooklyn,Kings,NY,11223,718-232-2337,shalon@cox.net
Denise,Patak,2139 Santa Rosa Ave,Orlando,Orange,FL,32801,407-446-4358,denise@patak.org
Louvenia,Beech,598 43rd St,Beverly Hills,Los Angeles,CA,90210,310-820-2117,louvenia.beech@beech.com
Audry,Yaw,70295 Pioneer Ct,Brandon,Hillsborough,FL,33511,813-797-4816,audry.yaw@yaw.org
Kristel,Ehmann,92899 Kalakaua Ave,El Paso,El Paso,TX,79925,915-452-1290,kristel.ehmann@aol.com
Vincenza,Zepp,395 S 6th St #2,El Cajon,San Diego,CA,92020,619-603-5125,vzepp@gmail.com
Elouise,Gwalthney,9506 Edgemore Ave,Bladensburg,Prince Georges,MD,20710,301-841-5012,egwalthney@yahoo.com
Venita,Maillard,72119 S Walker Ave #63,Anaheim,Orange,CA,92801,714-523-6653,venita_maillard@gmail.com
Kasandra,Semidey,369 Latham St #500,Saint Louis,Saint Louis City,MO,63102,314-732-9131,kasandra_semidey@semidey.com
Xochitl,Discipio,3158 Runamuck Pl,Round Rock,Williamson,TX,78664,512-233-1831,xdiscipio@gmail.com
Maile,Linahan,9 Plainsboro Rd #598,Greensboro,Guilford,NC,27409,336-670-2640,mlinahan@yahoo.com
Krissy,Rauser,8728 S Broad St,Coram,Suffolk,NY,11727,631-443-4710,krauser@cox.net
Pete,Dubaldi,2215 Prosperity Dr,Lyndhurst,Bergen,NJ,7071,201-825-2514,pdubaldi@hotmail.com
Linn,Paa,1 S Pine St,Memphis,Shelby,TN,38112,901-412-4381,linn_paa@paa.com
Paris,Wide,187 Market St,Atlanta,Fulton,GA,30342,404-505-4445,paris@hotmail.com
Wynell,Dorshorst,94290 S Buchanan St,Pacifica,San Mateo,CA,94044,650-473-1262,wynell_dorshorst@dorshorst.org
Quentin,Birkner,7061 N 2nd St,Burnsville,Dakota,MN,55337,952-702-7993,qbirkner@aol.com
Regenia,Kannady,10759 Main St,Scottsdale,Maricopa,AZ,85260,480-726-1280,regenia.kannady@cox.net
Sheron,Louissant,97 E 3rd St #9,Long Island City,Queens,NY,11101,718-976-8610,sheron@aol.com
Izetta,Funnell,82 Winsor St #54,Atlanta,Dekalb,GA,30340,770-844-3447,izetta.funnell@hotmail.com
Rodolfo,Butzen,41 Steel Ct,Northfield,Rice,MN,55057,507-210-3510,rodolfo@hotmail.com
Zona,Colla,49440 Dearborn St,Norwalk,Fairfield,CT,6854,203-461-1949,zona@hotmail.com
Serina,Zagen,7 S Beverly Dr,Fort Wayne,Allen,IN,46802,260-273-3725,szagen@aol.com
Paz,Sahagun,919 Wall Blvd,Meridian,Lauderdale,MS,39307,601-927-8287,paz_sahagun@cox.net
Markus,Lukasik,89 20th St E #779,Sterling Heights,Macomb,MI,48310,586-970-7380,markus@yahoo.com
Jaclyn,Bachman,721 Interstate 45 S,Colorado Springs,El Paso,CO,80919,719-853-3600,jaclyn@aol.com
Cyril,Daufeldt,3 Lawton St,New York,New York,NY,10013,212-745-8484,cyril_daufeldt@daufeldt.com
Gayla,Schnitzler,38 Pleasant Hill Rd,Hayward,Alameda,CA,94545,510-686-3407,gschnitzler@gmail.com
Erick,Nievas,45 E Acacia Ct,Chicago,Cook,IL,60624,773-704-9903,erick_nievas@aol.com
Jennie,Drymon,63728 Poway Rd #1,Scranton,Lackawanna,PA,18509,570-218-4831,jennie@cox.net
Mitsue,Scipione,77 222 Dr,Oroville,Butte,CA,95965,530-986-9272,mscipione@scipione.com
Ciara,Ventura,53 W Carey St,Port Jervis,Orange,NY,12771,845-823-8877,cventura@yahoo.com
Galen,Cantres,617 Nw 36th Ave,Brook Park,Cuyahoga,OH,44142,216-600-6111,galen@yahoo.com
Truman,Feichtner,539 Coldwater Canyon Ave,Bloomfield,Essex,NJ,7003,973-852-2736,tfeichtner@yahoo.com
Gail,Kitty,735 Crawford Dr,Anchorage,Anchorage,AK,99501,907-435-9166,gail@kitty.com
Dalene,Schoeneck,910 Rahway Ave,Philadelphia,Philadelphia,PA,19102,215-268-1275,dalene@schoeneck.org
Gertude,Witten,7 Tarrytown Rd,Cincinnati,Hamilton,OH,45217,513-977-7043,gertude.witten@gmail.com
Lizbeth,Kohl,35433 Blake St #588,Gardena,Los Angeles,CA,90248,310-699-1222,lizbeth@yahoo.com
Glenn,Berray,29 Cherry St #7073,Des Moines,Polk,IA,50315,515-370-7348,gberray@gmail.com
Lashandra,Klang,810 N La Brea Ave,King of Prussia,Montgomery,PA,19406,610-809-1818,lashandra@yahoo.com
Lenna,Newville,987 Main St,Raleigh,Wake,NC,27601,919-623-2524,lnewville@newville.com
Laurel,Pagliuca,36 Enterprise St Se,Richland,Benton,WA,99352,509-695-5199,laurel@yahoo.com
Mireya,Frerking,8429 Miller Rd,Pelham,Westchester,NY,10803,914-868-5965,mireya.frerking@hotmail.com
Annelle,Tagala,5 W 7th St,Parkville,Baltimore,MD,21234,410-757-1035,annelle@yahoo.com
Dean,Ketelsen,2 Flynn Rd,Hicksville,Nassau,NY,11801,516-847-4418,dean_ketelsen@gmail.com
Levi,Munis,2094 Ne 36th Ave,Worcester,Worcester,MA,1603,508-456-4907,levi.munis@gmail.com
Sylvie,Ryser,649 Tulane Ave,Tulsa,Tulsa,OK,74105,918-644-9555,sylvie@aol.com
Sharee,Maile,2094 Montour Blvd,Muskegon,Muskegon,MI,49442,231-467-9978,sharee_maile@aol.com
Cordelia,Storment,393 Hammond Dr,Lafayette,Lafayette,LA,70506,337-566-6001,cordelia_storment@aol.com
Mollie,Mcdoniel,8590 Lake Lizzie Dr,Bowling Green,Wood,OH,43402,419-975-3182,mollie_mcdoniel@yahoo.com
Brett,Mccullan,87895 Concord Rd,La Mesa,San Diego,CA,91942,619-461-9984,brett.mccullan@mccullan.com
Teddy,Pedrozo,46314 Route 130,Bridgeport,Fairfield,CT,6610,203-892-3863,teddy_pedrozo@aol.com
Tasia,Andreason,4 Cowesett Ave,Kearny,Hudson,NJ,7032,201-920-9002,tasia_andreason@yahoo.com
Hubert,Walthall,95 Main Ave #2,Barberton,Summit,OH,44203,330-903-1345,hubert@walthall.org
Arthur,Farrow,28 S 7th St #2824,Englewood,Bergen,NJ,7631,201-238-5688,arthur.farrow@yahoo.com
Vilma,Berlanga,79 S Howell Ave,Grand Rapids,Kent,MI,49546,616-737-3085,vberlanga@berlanga.com
Billye,Miro,36 Lancaster Dr Se,Pearl,Rankin,MS,39208,601-567-5386,billye_miro@cox.net
Glenna,Slayton,2759 Livingston Ave,Memphis,Shelby,TN,38118,901-640-9178,glenna_slayton@cox.net
Mitzie,Hudnall,17 Jersey Ave,Englewood,Arapahoe,CO,80110,303-402-1940,mitzie_hudnall@yahoo.com
Bernardine,Rodefer,2 W Grand Ave,Memphis,Shelby,TN,38112,901-901-4726,bernardine_rodefer@yahoo.com
Staci,Schmaltz,18 Coronado Ave #563,Pasadena,Los Angeles,CA,91106,626-866-2339,staci_schmaltz@aol.com
Nichelle,Meteer,72 Beechwood Ter,Chicago,Cook,IL,60657,773-225-9985,nichelle_meteer@meteer.com
Janine,Rhoden,92 Broadway,Astoria,Queens,NY,11103,718-228-5894,jrhoden@yahoo.com
Ettie,Hoopengardner,39 Franklin Ave,Richland,Benton,WA,99352,509-755-5393,ettie.hoopengardner@hotmail.com
Eden,Jayson,4 Iwaena St,Baltimore,Baltimore City,MD,21202,410-890-7866,eden_jayson@yahoo.com
Lynelle,Auber,32820 Corkwood Rd,Newark,Essex,NJ,7104,973-860-8610,lynelle_auber@gmail.com
Merissa,Tomblin,34 Raritan Center Pky,Bellflower,Los Angeles,CA,90706,562-579-6900,merissa.tomblin@gmail.com
Golda,Kaniecki,6201 S Nevada Ave,Toms River,Ocean,NJ,8755,732-628-9909,golda_kaniecki@yahoo.com
Catarina,Gleich,78 Maryland Dr #146,Denville,Morris,NJ,7834,973-210-3994,catarina_gleich@hotmail.com
Virgie,Kiel,76598 Rd  I 95 #1,Denver,Denver,CO,80216,303-776-7548,vkiel@hotmail.com
Jolene,Ostolaza,1610 14th St Nw,Newport News,Newport News City,VA,23608,757-682-7116,jolene@yahoo.com
Keneth,Borgman,86350 Roszel Rd,Phoenix,Maricopa,AZ,85012,602-919-4211,keneth@yahoo.com
Rikki,Nayar,1644 Clove Rd,Miami,Miami-Dade,FL,33155,305-968-9487,rikki@nayar.com
Elke,Sengbusch,9 W Central Ave,Phoenix,Maricopa,AZ,85013,602-896-2993,elke_sengbusch@yahoo.com
Hoa,Sarao,27846 Lafayette Ave,Oak Hill,Volusia,FL,32759,386-526-7800,hoa@sarao.org
Trinidad,Mcrae,10276 Brooks St,San Francisco,San Francisco,CA,94105,415-331-9634,trinidad_mcrae@yahoo.com
Mari,Lueckenbach,1 Century Park E,San Diego,San Diego,CA,92110,858-793-9684,mari_lueckenbach@yahoo.com
Selma,Husser,9 State Highway 57 #22,Jersey City,Hudson,NJ,7306,201-991-8369,selma.husser@cox.net
Antione,Onofrio,4 S Washington Ave,San Bernardino,San Bernardino,CA,92410,909-430-7765,aonofrio@onofrio.com
Luisa,Jurney,25 Se 176th Pl,Cambridge,Middlesex,MA,2138,617-365-2134,ljurney@hotmail.com
Clorinda,Heimann,105 Richmond Valley Rd,Escondido,San Diego,CA,92025,760-291-5497,clorinda.heimann@hotmail.com
Dick,Wenzinger,22 Spruce St #595,Gardena,Los Angeles,CA,90248,310-510-9713,dick@yahoo.com
Ahmed,Angalich,2 W Beverly Blvd,Harrisburg,Dauphin,PA,17110,717-528-8996,ahmed.angalich@angalich.com
Iluminada,Ohms,72 Southern Blvd,Mesa,Maricopa,AZ,85204,480-293-2882,iluminada.ohms@yahoo.com
Joanna,Leinenbach,1 Washington St,Lake Worth,Palm Beach,FL,33461,561-470-4574,joanna_leinenbach@hotmail.com
Caprice,Suell,90177 N 55th Ave,Nashville,Davidson,TN,37211,615-246-1824,caprice@aol.com
Stephane,Myricks,9 Tower Ave,Burlington,Boone,KY,41005,859-717-7638,stephane_myricks@cox.net
Quentin,Swayze,278 Bayview Ave,Milan,Monroe,MI,48160,734-561-6170,quentin_swayze@yahoo.com
Annmarie,Castros,80312 W 32nd St,Conroe,Montgomery,TX,77301,936-751-7961,annmarie_castros@gmail.com
Shonda,Greenbush,82 Us Highway 46,Clifton,Passaic,NJ,7011,973-482-2430,shonda_greenbush@cox.net
Cecil,Lapage,4 Stovall St #72,Union City,Hudson,NJ,7087,201-693-3967,clapage@lapage.com
Jeanice,Claucherty,19 Amboy Ave,Miami,Miami-Dade,FL,33142,305-988-4162,jeanice.claucherty@yahoo.com
Josphine,Villanueva,63 Smith Ln #8343,Moss,Clay,TN,38575,931-553-9774,josphine_villanueva@villanueva.com
Daniel,Perruzza,11360 S Halsted St,Santa Ana,Orange,CA,92705,714-771-3880,dperruzza@perruzza.com
Cassi,Wildfong,26849 Jefferson Hwy,Rolling Meadows,Cook,IL,60008,847-633-3216,cassi.wildfong@aol.com
Britt,Galam,2500 Pringle Rd Se #508,Hatfield,Montgomery,PA,19440,215-888-3304,britt@galam.org
Adell,Lipkin,65 Mountain View Dr,Whippany,Morris,NJ,7981,973-654-1561,adell.lipkin@lipkin.com
Jacqueline,Rowling,1 N San Saba,Erie,Erie,PA,16501,814-865-8113,jacqueline.rowling@yahoo.com
Lonny,Weglarz,51120 State Route 18,Salt Lake City,Salt Lake,UT,84115,801-293-9853,lonny_weglarz@gmail.com
Lonna,Diestel,1482 College Ave,Fayetteville,Cumberland,NC,28301,910-922-3672,lonna_diestel@gmail.com
Cristal,Samara,4119 Metropolitan Dr,Los Angeles,Los Angeles,CA,90021,213-975-8026,cristal@cox.net
Kenneth,Grenet,2167 Sierra Rd,East Lansing,Ingham,MI,48823,517-499-2322,kenneth.grenet@grenet.org
Elli,Mclaird,6 Sunrise Ave,Utica,Oneida,NY,13501,315-818-2638,emclaird@mclaird.com
Alline,Jeanty,55713 Lake City Hwy,South Bend,St Joseph,IN,46601,574-656-2800,ajeanty@gmail.com
Sharika,Eanes,75698 N Fiesta Blvd,Orlando,Orange,FL,32806,407-312-1691,sharika.eanes@aol.com
Nu,Mcnease,88 Sw 28th Ter,Harrison,Hudson,NJ,7029,973-751-9003,nu@gmail.com
Daniela,Comnick,7 Flowers Rd #403,Trenton,Mercer,NJ,8611,609-200-8577,dcomnick@cox.net
Cecilia,Colaizzo,4 Nw 12th St #3849,Madison,Dane,WI,53717,608-382-4541,cecilia_colaizzo@colaizzo.com
Leslie,Threets,2 A Kelley Dr,Katonah,Westchester,NY,10536,914-861-9748,leslie@cox.net
Nan,Koppinger,88827 Frankford Ave,Greensboro,Guilford,NC,27401,336-370-5333,nan@koppinger.com
Izetta,Dewar,2 W Scyene Rd #3,Baltimore,Baltimore City,MD,21217,410-473-1708,idewar@dewar.com
Tegan,Arceo,62260 Park Stre,Monroe Township,Middlesex,NJ,8831,732-730-2692,tegan.arceo@arceo.org
Ruthann,Keener,3424 29th St Se,Kerrville,Kerr,TX,78028,830-258-2769,ruthann@hotmail.com
Joni,Breland,35 E Main St #43,Elk Grove Village,Cook,IL,60007,847-519-5906,joni_breland@cox.net
Vi,Rentfro,7163 W Clark Rd,Freehold,Monmouth,NJ,7728,732-605-4781,vrentfro@cox.net
Colette,Kardas,21575 S Apple Creek Rd,Omaha,Douglas,NE,68124,402-896-5943,colette.kardas@yahoo.com
Malcolm,Tromblay,747 Leonis Blvd,Annandale,Fairfax,VA,22003,703-221-5602,malcolm_tromblay@cox.net
Ryan,Harnos,13 Gunnison St,Plano,Collin,TX,75075,972-558-1665,ryan@cox.net
Jess,Chaffins,18 3rd Ave,New York,New York,NY,10016,212-510-4633,jess.chaffins@chaffins.org
Sharen,Bourbon,62 W Austin St,Syosset,Nassau,NY,11791,516-816-1541,sbourbon@yahoo.com
Nickolas,Juvera,177 S Rider Trl #52,Crystal River,Citrus,FL,34429,352-598-8301,nickolas_juvera@cox.net
Gary,Nunlee,2 W Mount Royal Ave,Fortville,Hancock,IN,46040,317-542-6023,gary_nunlee@nunlee.org
Diane,Devreese,1953 Telegraph Rd,Saint Joseph,Buchanan,MO,64504,816-557-9673,diane@cox.net
Roslyn,Chavous,63517 Dupont St,Jackson,Hinds,MS,39211,601-234-9632,roslyn.chavous@chavous.org
Glory,Schieler,5 E Truman Rd,Abilene,Taylor,TX,79602,325-869-2649,glory@yahoo.com
Rasheeda,Sayaphon,251 Park Ave #979,Saratoga,Santa Clara,CA,95070,408-805-4309,rasheeda@aol.com
Alpha,Palaia,43496 Commercial Dr #29,Cherry Hill,Camden,NJ,8003,856-312-2629,alpha@yahoo.com
Refugia,Jacobos,2184 Worth St,Hayward,Alameda,CA,94545,510-974-8671,refugia.jacobos@jacobos.com
Shawnda,Yori,50126 N Plankinton Ave,Longwood,Seminole,FL,32750,407-538-5106,shawnda.yori@yahoo.com
Mona,Delasancha,38773 Gravois Ave,Cheyenne,Laramie,WY,82001,307-403-1488,mdelasancha@hotmail.com
Gilma,Liukko,16452 Greenwich St,Garden City,Nassau,NY,11530,516-393-9967,gilma_liukko@gmail.com
Janey,Gabisi,40 Cambridge Ave,Madison,Dane,WI,53715,608-967-7194,jgabisi@hotmail.com
Lili,Paskin,20113 4th Ave E,Kearny,Hudson,NJ,7032,201-431-2989,lili.paskin@cox.net
Loren,Asar,6 Ridgewood Center Dr,Old Forge,Lackawanna,PA,18518,570-648-3035,loren.asar@aol.com
Dorothy,Chesterfield,469 Outwater Ln,San Diego,San Diego,CA,92126,858-617-7834,dorothy@cox.net
Gail,Similton,62 Monroe St,Thousand Palms,Riverside,CA,92276,760-616-5388,gail_similton@similton.com
Catalina,Tillotson,3338 A Lockport Pl #6,Margate City,Atlantic,NJ,8402,609-373-3332,catalina@hotmail.com
Lawrence,Lorens,9 Hwy,Providence,Providence,RI,2906,401-465-6432,lawrence.lorens@hotmail.com
Carlee,Boulter,8284 Hart St,Abilene,Dickinson,KS,67410,785-347-1805,carlee.boulter@hotmail.com
Thaddeus,Ankeny,5 Washington St #1,Roseville,Placer,CA,95678,916-920-3571,tankeny@ankeny.org
Jovita,Oles,8 S Haven St,Daytona Beach,Volusia,FL,32114,386-248-4118,joles@gmail.com
Alesia,Hixenbaugh,9 Front St,Washington,District of Columbia,DC,20001,202-646-7516,alesia_hixenbaugh@hixenbaugh.org
Lai,Harabedian,1933 Packer Ave #2,Novato,Marin,CA,94945,415-423-3294,lai@gmail.com
Brittni,Gillaspie,67 Rv Cent,Boise,Ada,ID,83709,208-709-1235,bgillaspie@gillaspie.com
Raylene,Kampa,2 Sw Nyberg Rd,Elkhart,Elkhart,IN,46514,574-499-1454,rkampa@kampa.org
Flo,Bookamer,89992 E 15th St,Alliance,Box Butte,NE,69301,308-726-2182,flo.bookamer@cox.net
Jani,Biddy,61556 W 20th Ave,Seattle,King,WA,98104,206-711-6498,jbiddy@yahoo.com
Chauncey,Motley,63 E Aurora Dr,Orlando,Orange,FL,32804,407-413-4842,chauncey_motley@aol.com